FIPS,naics
01001,Accommodation and Food Services
01003,Accommodation and Food Services
01005,Manufacturing
01007,Construction
01009,Retail Trade
01011,Manufacturing
01013,Manufacturing
01015,Manufacturing
01017,Manufacturing
01019,Manufacturing
01021,Manufacturing
01023,Manufacturing
01025,Retail Trade
01027,Manufacturing
01029,Construction
01031,Manufacturing
01033,Manufacturing
01035,Health Care and Social Assistance
01037,Manufacturing
01039,Manufacturing
01041,Manufacturing
01043,Manufacturing
01045,Transportation and Warehousing
01047,Manufacturing
01049,Manufacturing
01051,Accommodation and Food Services
01053,Manufacturing
01055,Health Care and Social Assistance
01057,Manufacturing
01059,Manufacturing
01061,Retail Trade
01063,Manufacturing
01065,Manufacturing
01067,Utilities
01069,Health Care and Social Assistance
01071,Manufacturing
01073,Health Care and Social Assistance
01075,Manufacturing
01077,Health Care and Social Assistance
01079,Retail Trade
01081,Accommodation and Food Services
01083,Manufacturing
01085,Manufacturing
01087,Health Care and Social Assistance
01089,"Professional, Scientific, and Technical Services"
01091,Manufacturing
01093,Manufacturing
01095,Manufacturing
01097,Health Care and Social Assistance
01099,Manufacturing
01101,Health Care and Social Assistance
01103,Manufacturing
01105,Manufacturing
01107,Manufacturing
01109,Manufacturing
01111,Manufacturing
01113,Manufacturing
01115,Manufacturing
01117,Retail Trade
01119,Transportation and Warehousing
01121,Manufacturing
01123,Manufacturing
01125,Manufacturing
01127,Health Care and Social Assistance
01129,Manufacturing
01131,Manufacturing
01133,Manufacturing
02013,Manufacturing
02016,Manufacturing
02020,Health Care and Social Assistance
02050,Retail Trade
02060,Transportation and Warehousing
02068,"Professional, Scientific, and Technical Services"
02070,Health Care and Social Assistance
02090,Health Care and Social Assistance
02100,Retail Trade
02105,Retail Trade
02110,Health Care and Social Assistance
02122,Health Care and Social Assistance
02130,Retail Trade
02150,Manufacturing
02158,Retail Trade
02164,Transportation and Warehousing
02170,Health Care and Social Assistance
02180,Health Care and Social Assistance
02185,"Mining, Quarrying, and Oil and Gas Extraction"
02188,"Mining, Quarrying, and Oil and Gas Extraction"
02195,Manufacturing
02198,Retail Trade
02220,Health Care and Social Assistance
02230,Accommodation and Food Services
02240,"Mining, Quarrying, and Oil and Gas Extraction"
02261,Health Care and Social Assistance
02275,Health Care and Social Assistance
02282,Retail Trade
02290,Retail Trade
04001,Health Care and Social Assistance
04003,Retail Trade
04005,Accommodation and Food Services
04007,Health Care and Social Assistance
04009,Health Care and Social Assistance
04011,"Mining, Quarrying, and Oil and Gas Extraction"
04012,Accommodation and Food Services
04013,Health Care and Social Assistance
04015,Retail Trade
04017,Health Care and Social Assistance
04019,Health Care and Social Assistance
04021,Retail Trade
04023,Wholesale Trade
04025,Health Care and Social Assistance
04027,Health Care and Social Assistance
05001,Manufacturing
05003,Manufacturing
05005,Health Care and Social Assistance
05007,Management of Companies and Enterprises
05009,Health Care and Social Assistance
05011,Manufacturing
05013,Transportation and Warehousing
05015,Manufacturing
05017,Health Care and Social Assistance
05019,Manufacturing
05021,Health Care and Social Assistance
05023,Manufacturing
05025,Health Care and Social Assistance
05027,Manufacturing
05029,Manufacturing
05031,Health Care and Social Assistance
05033,Manufacturing
05035,Transportation and Warehousing
05037,Health Care and Social Assistance
05039,Health Care and Social Assistance
05041,Manufacturing
05043,Health Care and Social Assistance
05045,Health Care and Social Assistance
05047,Manufacturing
05049,Health Care and Social Assistance
05051,Health Care and Social Assistance
05053,Manufacturing
05055,Manufacturing
05057,Manufacturing
05059,Manufacturing
05061,Manufacturing
05063,Manufacturing
05065,Health Care and Social Assistance
05067,Manufacturing
05069,Manufacturing
05071,Manufacturing
05073,Health Care and Social Assistance
05075,Health Care and Social Assistance
05077,Health Care and Social Assistance
05079,Manufacturing
05081,Manufacturing
05083,Manufacturing
05085,Retail Trade
05087,Manufacturing
05089,Manufacturing
05091,Manufacturing
05093,Manufacturing
05095,Health Care and Social Assistance
05097,Accommodation and Food Services
05099,Manufacturing
05101,Health Care and Social Assistance
05103,Manufacturing
05105,Health Care and Social Assistance
05107,Health Care and Social Assistance
05109,Manufacturing
05111,Manufacturing
05113,Manufacturing
05115,Manufacturing
05117,Health Care and Social Assistance
05119,Health Care and Social Assistance
05121,Health Care and Social Assistance
05123,Health Care and Social Assistance
05125,Health Care and Social Assistance
05127,Manufacturing
05129,Health Care and Social Assistance
05131,Manufacturing
05133,Manufacturing
05135,Health Care and Social Assistance
05137,Health Care and Social Assistance
05139,Manufacturing
05141,Health Care and Social Assistance
05143,Health Care and Social Assistance
05145,Health Care and Social Assistance
05147,Manufacturing
05149,Manufacturing
06001,Health Care and Social Assistance
06003,"Arts, Entertainment, and Recreation"
06005,Accommodation and Food Services
06007,Health Care and Social Assistance
06009,Retail Trade
06011,Accommodation and Food Services
06013,Health Care and Social Assistance
06015,Health Care and Social Assistance
06017,Health Care and Social Assistance
06019,Health Care and Social Assistance
06021,Retail Trade
06023,Health Care and Social Assistance
06025,Retail Trade
06027,Accommodation and Food Services
06029,Health Care and Social Assistance
06031,Health Care and Social Assistance
06033,Health Care and Social Assistance
06035,Health Care and Social Assistance
06037,Health Care and Social Assistance
06039,Health Care and Social Assistance
06041,Health Care and Social Assistance
06043,Accommodation and Food Services
06045,Retail Trade
06047,Manufacturing
06049,Health Care and Social Assistance
06051,Accommodation and Food Services
06053,Accommodation and Food Services
06055,Accommodation and Food Services
06057,Accommodation and Food Services
06059,Health Care and Social Assistance
06061,Accommodation and Food Services
06063,Health Care and Social Assistance
06065,Accommodation and Food Services
06067,Health Care and Social Assistance
06069,Manufacturing
06071,Health Care and Social Assistance
06073,Health Care and Social Assistance
06075,"Professional, Scientific, and Technical Services"
06077,Health Care and Social Assistance
06079,Accommodation and Food Services
06081,Information
06083,Accommodation and Food Services
06085,"Professional, Scientific, and Technical Services"
06087,Health Care and Social Assistance
06089,Health Care and Social Assistance
06091,Accommodation and Food Services
06093,Health Care and Social Assistance
06095,Health Care and Social Assistance
06097,Health Care and Social Assistance
06099,Health Care and Social Assistance
06101,Retail Trade
06103,Retail Trade
06105,Retail Trade
06107,Health Care and Social Assistance
06109,Health Care and Social Assistance
06111,Health Care and Social Assistance
06113,Accommodation and Food Services
06115,Health Care and Social Assistance
08001,Construction
08003,Health Care and Social Assistance
08005,Health Care and Social Assistance
08007,Retail Trade
08009,Health Care and Social Assistance
08011,Retail Trade
08013,"Professional, Scientific, and Technical Services"
08014,Information
08015,Accommodation and Food Services
08017,"Mining, Quarrying, and Oil and Gas Extraction"
08019,"Arts, Entertainment, and Recreation"
08021,Health Care and Social Assistance
08023,Manufacturing
08025,Health Care and Social Assistance
08027,Retail Trade
08029,Health Care and Social Assistance
08031,Accommodation and Food Services
08033,Retail Trade
08035,Retail Trade
08037,Accommodation and Food Services
08039,Construction
08041,Health Care and Social Assistance
08043,Health Care and Social Assistance
08045,Accommodation and Food Services
08047,Accommodation and Food Services
08049,Accommodation and Food Services
08051,Accommodation and Food Services
08053,Construction
08055,Health Care and Social Assistance
08057,Accommodation and Food Services
08059,Retail Trade
08061,Health Care and Social Assistance
08063,Retail Trade
08065,"Arts, Entertainment, and Recreation"
08067,Health Care and Social Assistance
08069,Health Care and Social Assistance
08071,Health Care and Social Assistance
08073,Retail Trade
08075,Health Care and Social Assistance
08077,Health Care and Social Assistance
08079,Accommodation and Food Services
08081,Retail Trade
08083,Accommodation and Food Services
08085,Health Care and Social Assistance
08087,Manufacturing
08089,Health Care and Social Assistance
08091,Accommodation and Food Services
08093,Construction
08095,Health Care and Social Assistance
08097,Accommodation and Food Services
08099,Health Care and Social Assistance
08101,Health Care and Social Assistance
08103,"Mining, Quarrying, and Oil and Gas Extraction"
08105,Health Care and Social Assistance
08107,Accommodation and Food Services
08109,Wholesale Trade
08111,Accommodation and Food Services
08113,Accommodation and Food Services
08115,Health Care and Social Assistance
08117,Accommodation and Food Services
08119,Accommodation and Food Services
08121,Retail Trade
08123,Manufacturing
08125,Health Care and Social Assistance
09001,Health Care and Social Assistance
09003,Health Care and Social Assistance
09005,Health Care and Social Assistance
09007,Health Care and Social Assistance
09009,Health Care and Social Assistance
09011,Accommodation and Food Services
09013,Health Care and Social Assistance
09015,Health Care and Social Assistance
10001,Health Care and Social Assistance
10003,Health Care and Social Assistance
10005,Retail Trade
11001,"Professional, Scientific, and Technical Services"
12001,Health Care and Social Assistance
12003,Health Care and Social Assistance
12005,Retail Trade
12007,Retail Trade
12009,Health Care and Social Assistance
12011,Retail Trade
12013,Health Care and Social Assistance
12015,Retail Trade
12017,Health Care and Social Assistance
12019,Health Care and Social Assistance
12021,Accommodation and Food Services
12023,Health Care and Social Assistance
12027,Transportation and Warehousing
12029,Manufacturing
12031,Health Care and Social Assistance
12033,Health Care and Social Assistance
12035,Retail Trade
12037,Accommodation and Food Services
12039,Health Care and Social Assistance
12041,Health Care and Social Assistance
12043,Administrative and Support and Waste Management and Remediation Services
12045,Retail Trade
12047,Manufacturing
12049,Health Care and Social Assistance
12051,Retail Trade
12053,Health Care and Social Assistance
12055,Health Care and Social Assistance
12057,Health Care and Social Assistance
12059,Health Care and Social Assistance
12061,Health Care and Social Assistance
12063,Retail Trade
12065,Retail Trade
12067,Health Care and Social Assistance
12069,Health Care and Social Assistance
12071,Retail Trade
12073,Health Care and Social Assistance
12075,Retail Trade
12077,Manufacturing
12079,Health Care and Social Assistance
12081,Retail Trade
12083,Retail Trade
12085,Health Care and Social Assistance
12086,Health Care and Social Assistance
12087,Accommodation and Food Services
12089,Accommodation and Food Services
12091,Retail Trade
12093,Retail Trade
12095,Accommodation and Food Services
12097,Accommodation and Food Services
12099,Health Care and Social Assistance
12101,Retail Trade
12103,Health Care and Social Assistance
12105,Retail Trade
12107,Retail Trade
12109,Accommodation and Food Services
12111,Health Care and Social Assistance
12113,Retail Trade
12115,Health Care and Social Assistance
12117,Retail Trade
12119,Health Care and Social Assistance
12121,Manufacturing
12123,Manufacturing
12125,Transportation and Warehousing
12127,Retail Trade
12129,Retail Trade
12131,Accommodation and Food Services
12133,Health Care and Social Assistance
13001,Utilities
13003,Manufacturing
13005,Manufacturing
13007,"Agriculture, Forestry, Fishing and Hunting"
13009,Health Care and Social Assistance
13011,Accommodation and Food Services
13013,Manufacturing
13015,Manufacturing
13017,Manufacturing
13019,Manufacturing
13021,Health Care and Social Assistance
13023,Retail Trade
13025,Retail Trade
13027,Health Care and Social Assistance
13029,Accommodation and Food Services
13031,Accommodation and Food Services
13033,Construction
13035,Transportation and Warehousing
13037,Transportation and Warehousing
13039,Accommodation and Food Services
13043,Health Care and Social Assistance
13045,Manufacturing
13047,Retail Trade
13049,Administrative and Support and Waste Management and Remediation Services
13051,Accommodation and Food Services
13053,"Professional, Scientific, and Technical Services"
13055,Manufacturing
13057,Retail Trade
13059,Health Care and Social Assistance
13061,Construction
13063,Transportation and Warehousing
13065,Manufacturing
13067,"Professional, Scientific, and Technical Services"
13069,Manufacturing
13071,Manufacturing
13073,Retail Trade
13075,Manufacturing
13077,Retail Trade
13079,Retail Trade
13081,Manufacturing
13083,Manufacturing
13085,Retail Trade
13087,Manufacturing
13089,Health Care and Social Assistance
13091,Health Care and Social Assistance
13093,Manufacturing
13095,Health Care and Social Assistance
13097,Retail Trade
13099,Manufacturing
13101,Construction
13103,Manufacturing
13105,Manufacturing
13107,Manufacturing
13109,Manufacturing
13111,Retail Trade
13113,Health Care and Social Assistance
13115,Health Care and Social Assistance
13117,Retail Trade
13119,Manufacturing
13121,"Professional, Scientific, and Technical Services"
13123,Manufacturing
13125,Health Care and Social Assistance
13127,Accommodation and Food Services
13129,Manufacturing
13131,Manufacturing
13133,Accommodation and Food Services
13135,Retail Trade
13137,Manufacturing
13139,Manufacturing
13141,Manufacturing
13143,Manufacturing
13145,Manufacturing
13147,Manufacturing
13149,Manufacturing
13151,Retail Trade
13153,Accommodation and Food Services
13155,Health Care and Social Assistance
13157,Transportation and Warehousing
13159,Manufacturing
13161,Manufacturing
13163,Manufacturing
13165,Health Care and Social Assistance
13167,Retail Trade
13169,Retail Trade
13171,Manufacturing
13173,Manufacturing
13175,Health Care and Social Assistance
13177,Wholesale Trade
13179,Manufacturing
13181,Retail Trade
13183,Retail Trade
13185,Health Care and Social Assistance
13187,Accommodation and Food Services
13189,Manufacturing
13191,Accommodation and Food Services
13193,Manufacturing
13195,Retail Trade
13197,"Agriculture, Forestry, Fishing and Hunting"
13199,Health Care and Social Assistance
13201,Health Care and Social Assistance
13205,Manufacturing
13207,Health Care and Social Assistance
13209,Manufacturing
13211,Manufacturing
13213,Manufacturing
13215,Health Care and Social Assistance
13217,Manufacturing
13219,Retail Trade
13221,Construction
13223,Retail Trade
13225,Manufacturing
13227,Health Care and Social Assistance
13229,Manufacturing
13231,Construction
13233,Manufacturing
13235,Health Care and Social Assistance
13237,Manufacturing
13239,Retail Trade
13241,Accommodation and Food Services
13243,Health Care and Social Assistance
13245,Health Care and Social Assistance
13247,Manufacturing
13249,Manufacturing
13251,Manufacturing
13253,Health Care and Social Assistance
13255,Health Care and Social Assistance
13257,Manufacturing
13259,Administrative and Support and Waste Management and Remediation Services
13261,Health Care and Social Assistance
13263,Construction
13265,Retail Trade
13267,Health Care and Social Assistance
13269,Health Care and Social Assistance
13271,Manufacturing
13273,Manufacturing
13275,Health Care and Social Assistance
13277,Health Care and Social Assistance
13279,Health Care and Social Assistance
13281,Accommodation and Food Services
13283,Retail Trade
13285,Manufacturing
13287,Manufacturing
13289,Transportation and Warehousing
13291,Health Care and Social Assistance
13293,Health Care and Social Assistance
13295,Manufacturing
13297,Retail Trade
13299,Health Care and Social Assistance
13301,Manufacturing
13303,Health Care and Social Assistance
13305,Health Care and Social Assistance
13307,Retail Trade
13309,"Agriculture, Forestry, Fishing and Hunting"
13311,Accommodation and Food Services
13313,Manufacturing
13315,"Agriculture, Forestry, Fishing and Hunting"
13317,Retail Trade
13319,"Mining, Quarrying, and Oil and Gas Extraction"
13321,Manufacturing
15001,Accommodation and Food Services
15003,Accommodation and Food Services
15005,Administrative and Support and Waste Management and Remediation Services
15007,Accommodation and Food Services
15009,Accommodation and Food Services
16001,Health Care and Social Assistance
16003,Retail Trade
16005,Health Care and Social Assistance
16007,Health Care and Social Assistance
16009,Manufacturing
16011,Manufacturing
16013,Accommodation and Food Services
16015,Construction
16017,Retail Trade
16019,Health Care and Social Assistance
16021,Health Care and Social Assistance
16023,Health Care and Social Assistance
16025,Accommodation and Food Services
16027,Manufacturing
16029,Manufacturing
16031,Manufacturing
16033,Construction
16035,Health Care and Social Assistance
16037,Retail Trade
16039,Retail Trade
16041,Retail Trade
16043,Construction
16045,Health Care and Social Assistance
16047,Health Care and Social Assistance
16049,Health Care and Social Assistance
16051,Manufacturing
16053,Manufacturing
16055,Health Care and Social Assistance
16057,Retail Trade
16059,Health Care and Social Assistance
16061,Retail Trade
16063,Manufacturing
16065,Educational Services
16067,Manufacturing
16069,Manufacturing
16071,Health Care and Social Assistance
16073,"Agriculture, Forestry, Fishing and Hunting"
16075,Manufacturing
16077,Manufacturing
16079,Retail Trade
16081,Construction
16083,Health Care and Social Assistance
16085,Accommodation and Food Services
16087,Manufacturing
17001,Health Care and Social Assistance
17003,Transportation and Warehousing
17005,Manufacturing
17007,Manufacturing
17009,Wholesale Trade
17011,Health Care and Social Assistance
17013,Retail Trade
17015,Manufacturing
17017,Manufacturing
17019,Health Care and Social Assistance
17021,Health Care and Social Assistance
17023,Manufacturing
17025,Manufacturing
17027,Health Care and Social Assistance
17029,Health Care and Social Assistance
17031,Health Care and Social Assistance
17033,Manufacturing
17035,Manufacturing
17037,Health Care and Social Assistance
17039,Retail Trade
17041,Manufacturing
17043,Health Care and Social Assistance
17045,Manufacturing
17047,Manufacturing
17049,Management of Companies and Enterprises
17051,Health Care and Social Assistance
17053,Health Care and Social Assistance
17055,Retail Trade
17057,Health Care and Social Assistance
17059,Transportation and Warehousing
17061,Retail Trade
17063,Transportation and Warehousing
17065,Health Care and Social Assistance
17067,Health Care and Social Assistance
17069,Health Care and Social Assistance
17071,Wholesale Trade
17073,Manufacturing
17075,Health Care and Social Assistance
17077,Health Care and Social Assistance
17079,Accommodation and Food Services
17081,Manufacturing
17083,Health Care and Social Assistance
17085,Accommodation and Food Services
17087,Health Care and Social Assistance
17089,Manufacturing
17091,Health Care and Social Assistance
17093,Retail Trade
17095,Health Care and Social Assistance
17097,Manufacturing
17099,Retail Trade
17101,Manufacturing
17103,Manufacturing
17105,Manufacturing
17107,Health Care and Social Assistance
17109,Health Care and Social Assistance
17111,Manufacturing
17113,Finance and Insurance
17115,Manufacturing
17117,Health Care and Social Assistance
17119,Health Care and Social Assistance
17121,Manufacturing
17123,Manufacturing
17125,Health Care and Social Assistance
17127,Health Care and Social Assistance
17129,Retail Trade
17131,Manufacturing
17133,Accommodation and Food Services
17135,Health Care and Social Assistance
17137,Manufacturing
17139,Manufacturing
17141,Manufacturing
17143,Health Care and Social Assistance
17145,Health Care and Social Assistance
17147,Health Care and Social Assistance
17149,Health Care and Social Assistance
17151,Health Care and Social Assistance
17153,Health Care and Social Assistance
17155,Manufacturing
17157,Manufacturing
17159,Transportation and Warehousing
17161,Health Care and Social Assistance
17163,Health Care and Social Assistance
17165,Health Care and Social Assistance
17167,Health Care and Social Assistance
17169,Health Care and Social Assistance
17171,Wholesale Trade
17173,Manufacturing
17175,Manufacturing
17177,Manufacturing
17179,Retail Trade
17181,Health Care and Social Assistance
17183,Health Care and Social Assistance
17185,Health Care and Social Assistance
17187,Manufacturing
17189,Manufacturing
17191,Health Care and Social Assistance
17193,Health Care and Social Assistance
17195,Manufacturing
17197,Transportation and Warehousing
17199,Health Care and Social Assistance
17201,Manufacturing
17203,Manufacturing
18001,Manufacturing
18003,Health Care and Social Assistance
18005,Manufacturing
18007,Manufacturing
18009,Manufacturing
18011,Retail Trade
18013,Accommodation and Food Services
18015,Manufacturing
18017,Manufacturing
18019,Retail Trade
18021,Manufacturing
18023,Manufacturing
18025,Manufacturing
18027,Manufacturing
18029,Accommodation and Food Services
18031,Manufacturing
18033,Manufacturing
18035,Health Care and Social Assistance
18037,Manufacturing
18039,Manufacturing
18041,Health Care and Social Assistance
18043,Health Care and Social Assistance
18045,Manufacturing
18047,Manufacturing
18049,Manufacturing
18051,Manufacturing
18053,Health Care and Social Assistance
18055,Health Care and Social Assistance
18057,Health Care and Social Assistance
18059,Manufacturing
18061,Accommodation and Food Services
18063,Retail Trade
18065,Manufacturing
18067,Manufacturing
18069,Manufacturing
18071,Manufacturing
18073,Retail Trade
18075,Manufacturing
18077,Manufacturing
18079,Manufacturing
18081,Retail Trade
18083,Health Care and Social Assistance
18085,Manufacturing
18087,Manufacturing
18089,Health Care and Social Assistance
18091,Manufacturing
18093,Health Care and Social Assistance
18095,Health Care and Social Assistance
18097,Health Care and Social Assistance
18099,Manufacturing
18101,"Professional, Scientific, and Technical Services"
18103,Manufacturing
18105,Health Care and Social Assistance
18107,Manufacturing
18109,Manufacturing
18111,Manufacturing
18113,Manufacturing
18115,Accommodation and Food Services
18117,Construction
18119,Manufacturing
18121,Retail Trade
18123,Manufacturing
18125,Health Care and Social Assistance
18127,Manufacturing
18129,Manufacturing
18131,Manufacturing
18133,Manufacturing
18135,Manufacturing
18137,Manufacturing
18139,Wholesale Trade
18141,Health Care and Social Assistance
18143,Manufacturing
18145,Manufacturing
18147,Manufacturing
18149,Manufacturing
18151,Manufacturing
18153,Retail Trade
18155,Accommodation and Food Services
18157,Manufacturing
18159,Manufacturing
18161,Manufacturing
18163,Health Care and Social Assistance
18165,Manufacturing
18167,Health Care and Social Assistance
18169,Manufacturing
18171,Manufacturing
18173,Health Care and Social Assistance
18175,Manufacturing
18177,Health Care and Social Assistance
18179,Manufacturing
18181,Manufacturing
18183,Manufacturing
19001,Health Care and Social Assistance
19003,Health Care and Social Assistance
19005,Manufacturing
19007,Manufacturing
19009,Health Care and Social Assistance
19011,Manufacturing
19013,Manufacturing
19015,Health Care and Social Assistance
19017,Health Care and Social Assistance
19019,Manufacturing
19021,Manufacturing
19023,Manufacturing
19025,Health Care and Social Assistance
19027,Health Care and Social Assistance
19029,Health Care and Social Assistance
19031,Wholesale Trade
19033,Health Care and Social Assistance
19035,Health Care and Social Assistance
19037,Manufacturing
19039,Manufacturing
19041,Health Care and Social Assistance
19043,Health Care and Social Assistance
19045,Manufacturing
19047,Manufacturing
19049,Finance and Insurance
19051,Health Care and Social Assistance
19053,Health Care and Social Assistance
19055,Manufacturing
19057,Manufacturing
19059,Manufacturing
19061,Manufacturing
19063,Health Care and Social Assistance
19065,Health Care and Social Assistance
19067,Manufacturing
19069,Manufacturing
19071,Retail Trade
19073,Manufacturing
19075,Health Care and Social Assistance
19077,Health Care and Social Assistance
19079,Wholesale Trade
19081,Manufacturing
19083,Health Care and Social Assistance
19085,Health Care and Social Assistance
19087,Manufacturing
19089,Manufacturing
19091,Manufacturing
19093,Manufacturing
19095,Manufacturing
19097,Manufacturing
19099,Manufacturing
19101,Finance and Insurance
19103,Health Care and Social Assistance
19105,Manufacturing
19107,Health Care and Social Assistance
19109,Manufacturing
19111,Manufacturing
19113,Manufacturing
19115,Manufacturing
19117,Transportation and Warehousing
19119,Manufacturing
19121,Retail Trade
19123,Manufacturing
19125,Manufacturing
19127,Manufacturing
19129,Health Care and Social Assistance
19131,Manufacturing
19133,Health Care and Social Assistance
19135,Manufacturing
19137,Health Care and Social Assistance
19139,Manufacturing
19141,Health Care and Social Assistance
19143,Health Care and Social Assistance
19145,Health Care and Social Assistance
19147,Health Care and Social Assistance
19149,Manufacturing
19151,Manufacturing
19153,Health Care and Social Assistance
19155,Retail Trade
19157,Educational Services
19159,Health Care and Social Assistance
19161,Health Care and Social Assistance
19163,Health Care and Social Assistance
19165,Transportation and Warehousing
19167,Manufacturing
19169,Health Care and Social Assistance
19171,Manufacturing
19173,Manufacturing
19175,Manufacturing
19177,Manufacturing
19179,Manufacturing
19181,Retail Trade
19183,Health Care and Social Assistance
19185,Health Care and Social Assistance
19187,Transportation and Warehousing
19189,Manufacturing
19191,Educational Services
19193,Health Care and Social Assistance
19195,Manufacturing
19197,Manufacturing
20001,Manufacturing
20003,Retail Trade
20005,Educational Services
20007,Health Care and Social Assistance
20009,Health Care and Social Assistance
20011,Manufacturing
20013,Manufacturing
20015,Health Care and Social Assistance
20017,Manufacturing
20019,Health Care and Social Assistance
20021,Manufacturing
20023,Health Care and Social Assistance
20025,Health Care and Social Assistance
20027,Health Care and Social Assistance
20029,Health Care and Social Assistance
20031,Utilities
20033,Health Care and Social Assistance
20035,Manufacturing
20037,Manufacturing
20039,Health Care and Social Assistance
20041,Manufacturing
20043,Manufacturing
20045,Accommodation and Food Services
20047,Manufacturing
20049,Accommodation and Food Services
20051,Health Care and Social Assistance
20053,Manufacturing
20055,Manufacturing
20057,Manufacturing
20059,Transportation and Warehousing
20061,Accommodation and Food Services
20063,Health Care and Social Assistance
20065,Health Care and Social Assistance
20067,Retail Trade
20069,Construction
20071,Health Care and Social Assistance
20073,Health Care and Social Assistance
20075,Wholesale Trade
20077,Manufacturing
20079,Manufacturing
20081,Health Care and Social Assistance
20083,Health Care and Social Assistance
20085,Accommodation and Food Services
20087,Construction
20089,Health Care and Social Assistance
20091,Health Care and Social Assistance
20093,Health Care and Social Assistance
20095,Manufacturing
20097,Health Care and Social Assistance
20099,Health Care and Social Assistance
20101,Health Care and Social Assistance
20103,Health Care and Social Assistance
20105,Health Care and Social Assistance
20107,Utilities
20109,Health Care and Social Assistance
20111,Manufacturing
20113,Manufacturing
20115,Health Care and Social Assistance
20117,Manufacturing
20119,Health Care and Social Assistance
20121,Health Care and Social Assistance
20123,Health Care and Social Assistance
20125,Manufacturing
20127,Health Care and Social Assistance
20129,Health Care and Social Assistance
20131,Manufacturing
20133,Health Care and Social Assistance
20135,Health Care and Social Assistance
20137,Health Care and Social Assistance
20139,Health Care and Social Assistance
20141,Health Care and Social Assistance
20143,Health Care and Social Assistance
20145,Health Care and Social Assistance
20147,Health Care and Social Assistance
20149,Manufacturing
20151,Health Care and Social Assistance
20153,Health Care and Social Assistance
20155,Health Care and Social Assistance
20157,Health Care and Social Assistance
20159,Manufacturing
20161,Accommodation and Food Services
20163,Health Care and Social Assistance
20165,Manufacturing
20167,Health Care and Social Assistance
20169,Health Care and Social Assistance
20171,Health Care and Social Assistance
20173,Manufacturing
20175,Manufacturing
20177,Health Care and Social Assistance
20179,Health Care and Social Assistance
20181,Accommodation and Food Services
20183,Health Care and Social Assistance
20185,Health Care and Social Assistance
20187,Health Care and Social Assistance
20189,Health Care and Social Assistance
20191,Health Care and Social Assistance
20193,Retail Trade
20195,Health Care and Social Assistance
20197,Manufacturing
20199,Retail Trade
20201,Health Care and Social Assistance
20203,Health Care and Social Assistance
20205,Manufacturing
20207,Health Care and Social Assistance
20209,Health Care and Social Assistance
21001,Retail Trade
21003,Manufacturing
21005,Manufacturing
21007,Manufacturing
21009,Manufacturing
21011,Manufacturing
21013,Retail Trade
21015,Transportation and Warehousing
21017,Manufacturing
21019,Health Care and Social Assistance
21021,Health Care and Social Assistance
21023,Manufacturing
21025,Health Care and Social Assistance
21027,Health Care and Social Assistance
21029,Retail Trade
21031,Manufacturing
21033,Manufacturing
21035,Manufacturing
21037,Accommodation and Food Services
21039,Administrative and Support and Waste Management and Remediation Services
21041,Manufacturing
21043,Retail Trade
21045,Manufacturing
21047,Manufacturing
21049,Manufacturing
21051,Health Care and Social Assistance
21053,Manufacturing
21055,Manufacturing
21057,Health Care and Social Assistance
21059,Health Care and Social Assistance
21061,Health Care and Social Assistance
21063,Health Care and Social Assistance
21065,Health Care and Social Assistance
21067,Health Care and Social Assistance
21069,Manufacturing
21071,Health Care and Social Assistance
21073,Manufacturing
21075,Manufacturing
21077,Health Care and Social Assistance
21079,Construction
21081,Manufacturing
21083,Manufacturing
21085,Manufacturing
21087,Health Care and Social Assistance
21089,Health Care and Social Assistance
21091,Manufacturing
21093,Health Care and Social Assistance
21095,Health Care and Social Assistance
21097,Manufacturing
21099,Manufacturing
21101,Manufacturing
21103,Manufacturing
21105,Retail Trade
21107,Health Care and Social Assistance
21109,Health Care and Social Assistance
21111,Health Care and Social Assistance
21113,Retail Trade
21115,Retail Trade
21117,Health Care and Social Assistance
21119,Health Care and Social Assistance
21121,"Professional, Scientific, and Technical Services"
21123,Manufacturing
21125,Manufacturing
21127,Health Care and Social Assistance
21129,Administrative and Support and Waste Management and Remediation Services
21131,Health Care and Social Assistance
21133,Health Care and Social Assistance
21135,Manufacturing
21137,Health Care and Social Assistance
21139,Accommodation and Food Services
21141,Manufacturing
21143,Accommodation and Food Services
21145,Health Care and Social Assistance
21147,Manufacturing
21149,"Mining, Quarrying, and Oil and Gas Extraction"
21151,Manufacturing
21153,Health Care and Social Assistance
21155,Manufacturing
21157,Manufacturing
21159,Retail Trade
21161,Health Care and Social Assistance
21163,Retail Trade
21165,Health Care and Social Assistance
21167,Manufacturing
21169,Manufacturing
21171,Manufacturing
21173,Manufacturing
21175,Retail Trade
21177,Health Care and Social Assistance
21179,Manufacturing
21181,Health Care and Social Assistance
21183,Manufacturing
21185,Health Care and Social Assistance
21187,Accommodation and Food Services
21189,Health Care and Social Assistance
21191,Manufacturing
21193,Health Care and Social Assistance
21195,Health Care and Social Assistance
21197,Retail Trade
21199,Health Care and Social Assistance
21201,Health Care and Social Assistance
21203,Health Care and Social Assistance
21205,Health Care and Social Assistance
21207,Manufacturing
21209,Manufacturing
21211,Manufacturing
21213,Manufacturing
21215,Retail Trade
21217,Retail Trade
21219,Retail Trade
21221,Manufacturing
21223,Utilities
21225,Health Care and Social Assistance
21227,Manufacturing
21229,Manufacturing
21231,Manufacturing
21233,Retail Trade
21235,Health Care and Social Assistance
21237,Health Care and Social Assistance
21239,Manufacturing
22001,Retail Trade
22003,Manufacturing
22005,Construction
22007,Construction
22009,Health Care and Social Assistance
22011,Retail Trade
22013,Manufacturing
22015,Accommodation and Food Services
22017,Health Care and Social Assistance
22019,Accommodation and Food Services
22021,Health Care and Social Assistance
22023,Transportation and Warehousing
22025,Health Care and Social Assistance
22027,Health Care and Social Assistance
22029,Health Care and Social Assistance
22031,"Mining, Quarrying, and Oil and Gas Extraction"
22033,Construction
22035,Health Care and Social Assistance
22037,Health Care and Social Assistance
22039,Health Care and Social Assistance
22041,Health Care and Social Assistance
22043,Manufacturing
22045,Health Care and Social Assistance
22047,Manufacturing
22049,Health Care and Social Assistance
22051,Health Care and Social Assistance
22053,Health Care and Social Assistance
22055,Health Care and Social Assistance
22057,Health Care and Social Assistance
22059,Health Care and Social Assistance
22061,Health Care and Social Assistance
22063,Retail Trade
22065,Health Care and Social Assistance
22067,Health Care and Social Assistance
22069,Manufacturing
22071,Accommodation and Food Services
22073,Health Care and Social Assistance
22075,Manufacturing
22077,Retail Trade
22079,Health Care and Social Assistance
22081,Health Care and Social Assistance
22083,Health Care and Social Assistance
22085,Manufacturing
22087,Retail Trade
22089,Manufacturing
22091,Health Care and Social Assistance
22093,Manufacturing
22095,Construction
22097,Health Care and Social Assistance
22099,Retail Trade
22101,Manufacturing
22103,Health Care and Social Assistance
22105,Health Care and Social Assistance
22107,Wholesale Trade
22109,Health Care and Social Assistance
22111,Manufacturing
22113,Retail Trade
22115,Health Care and Social Assistance
22117,Health Care and Social Assistance
22119,Health Care and Social Assistance
22121,Manufacturing
22123,Health Care and Social Assistance
22125,Utilities
22127,Health Care and Social Assistance
23001,Health Care and Social Assistance
23003,Health Care and Social Assistance
23005,Health Care and Social Assistance
23007,Accommodation and Food Services
23009,Retail Trade
23011,Health Care and Social Assistance
23013,Health Care and Social Assistance
23015,Health Care and Social Assistance
23017,Accommodation and Food Services
23019,Health Care and Social Assistance
23021,Health Care and Social Assistance
23023,Manufacturing
23025,Manufacturing
23027,Retail Trade
23029,Health Care and Social Assistance
23031,Health Care and Social Assistance
24001,Health Care and Social Assistance
24003,"Professional, Scientific, and Technical Services"
24005,Health Care and Social Assistance
24009,Health Care and Social Assistance
24011,Retail Trade
24013,Health Care and Social Assistance
24015,Manufacturing
24017,Retail Trade
24019,Manufacturing
24021,Health Care and Social Assistance
24023,Health Care and Social Assistance
24025,Health Care and Social Assistance
24027,"Professional, Scientific, and Technical Services"
24029,Educational Services
24031,"Professional, Scientific, and Technical Services"
24033,Retail Trade
24035,Retail Trade
24037,"Professional, Scientific, and Technical Services"
24039,Health Care and Social Assistance
24041,Health Care and Social Assistance
24043,Health Care and Social Assistance
24045,Health Care and Social Assistance
24047,Accommodation and Food Services
24510,Health Care and Social Assistance
25001,Health Care and Social Assistance
25003,Health Care and Social Assistance
25005,Health Care and Social Assistance
25007,Retail Trade
25009,Health Care and Social Assistance
25011,Manufacturing
25013,Health Care and Social Assistance
25015,Health Care and Social Assistance
25017,"Professional, Scientific, and Technical Services"
25019,Construction
25021,Health Care and Social Assistance
25023,Health Care and Social Assistance
25025,Health Care and Social Assistance
25027,Health Care and Social Assistance
26001,Retail Trade
26003,Manufacturing
26005,Manufacturing
26007,Health Care and Social Assistance
26009,Manufacturing
26011,Manufacturing
26013,Manufacturing
26015,Manufacturing
26017,Health Care and Social Assistance
26019,Accommodation and Food Services
26021,Health Care and Social Assistance
26023,Manufacturing
26025,Manufacturing
26027,Manufacturing
26029,Manufacturing
26031,Retail Trade
26033,Health Care and Social Assistance
26035,Health Care and Social Assistance
26037,Manufacturing
26039,Health Care and Social Assistance
26041,Manufacturing
26043,Health Care and Social Assistance
26045,Manufacturing
26047,Health Care and Social Assistance
26049,Health Care and Social Assistance
26051,Manufacturing
26053,Accommodation and Food Services
26055,Health Care and Social Assistance
26057,Manufacturing
26059,Manufacturing
26061,Health Care and Social Assistance
26063,Manufacturing
26065,Health Care and Social Assistance
26067,Manufacturing
26069,Retail Trade
26071,Retail Trade
26073,Accommodation and Food Services
26075,Health Care and Social Assistance
26077,Health Care and Social Assistance
26079,Health Care and Social Assistance
26081,Manufacturing
26083,Accommodation and Food Services
26085,Health Care and Social Assistance
26087,Manufacturing
26089,Accommodation and Food Services
26091,Manufacturing
26093,Manufacturing
26095,Health Care and Social Assistance
26097,Accommodation and Food Services
26099,Manufacturing
26101,Accommodation and Food Services
26103,Health Care and Social Assistance
26105,Manufacturing
26107,Manufacturing
26109,Manufacturing
26111,Health Care and Social Assistance
26113,Retail Trade
26115,Manufacturing
26117,Manufacturing
26119,Manufacturing
26121,Manufacturing
26123,Manufacturing
26125,Health Care and Social Assistance
26127,Manufacturing
26129,Retail Trade
26131,Retail Trade
26133,Manufacturing
26135,Construction
26137,Retail Trade
26139,Manufacturing
26141,Retail Trade
26143,Retail Trade
26145,Health Care and Social Assistance
26147,Manufacturing
26149,Manufacturing
26151,Manufacturing
26153,Health Care and Social Assistance
26155,Health Care and Social Assistance
26157,Health Care and Social Assistance
26159,Manufacturing
26161,Health Care and Social Assistance
26163,Health Care and Social Assistance
26165,Manufacturing
27001,Health Care and Social Assistance
27003,Manufacturing
27005,Manufacturing
27007,Health Care and Social Assistance
27009,Manufacturing
27011,Health Care and Social Assistance
27013,Health Care and Social Assistance
27015,Manufacturing
27017,Health Care and Social Assistance
27019,Manufacturing
27021,Accommodation and Food Services
27023,Health Care and Social Assistance
27025,Health Care and Social Assistance
27027,Health Care and Social Assistance
27029,Health Care and Social Assistance
27031,Accommodation and Food Services
27033,Manufacturing
27035,Health Care and Social Assistance
27037,Retail Trade
27039,Manufacturing
27041,Health Care and Social Assistance
27043,Manufacturing
27045,Health Care and Social Assistance
27047,Manufacturing
27049,Manufacturing
27051,Health Care and Social Assistance
27053,Health Care and Social Assistance
27055,Health Care and Social Assistance
27057,Retail Trade
27059,Health Care and Social Assistance
27061,Health Care and Social Assistance
27063,Manufacturing
27065,Health Care and Social Assistance
27067,Health Care and Social Assistance
27069,Health Care and Social Assistance
27071,Health Care and Social Assistance
27073,Health Care and Social Assistance
27075,Manufacturing
27077,Accommodation and Food Services
27079,Manufacturing
27081,Health Care and Social Assistance
27083,Health Care and Social Assistance
27085,Manufacturing
27087,Accommodation and Food Services
27089,Manufacturing
27091,Health Care and Social Assistance
27093,Manufacturing
27095,Health Care and Social Assistance
27097,Health Care and Social Assistance
27099,Manufacturing
27101,Manufacturing
27103,Manufacturing
27105,Manufacturing
27107,Health Care and Social Assistance
27109,"Professional, Scientific, and Technical Services"
27111,Manufacturing
27113,Wholesale Trade
27115,Accommodation and Food Services
27117,Health Care and Social Assistance
27119,Health Care and Social Assistance
27121,Manufacturing
27123,Health Care and Social Assistance
27125,Health Care and Social Assistance
27127,Accommodation and Food Services
27129,Health Care and Social Assistance
27131,Educational Services
27133,Health Care and Social Assistance
27135,Manufacturing
27137,Health Care and Social Assistance
27139,Manufacturing
27141,Manufacturing
27143,Manufacturing
27145,Health Care and Social Assistance
27147,Manufacturing
27149,Health Care and Social Assistance
27151,Manufacturing
27153,Manufacturing
27155,Health Care and Social Assistance
27157,Manufacturing
27159,Health Care and Social Assistance
27161,Manufacturing
27163,Retail Trade
27165,Manufacturing
27167,"Professional, Scientific, and Technical Services"
27169,Manufacturing
27171,Retail Trade
27173,Health Care and Social Assistance
28001,Health Care and Social Assistance
28003,Health Care and Social Assistance
28005,Manufacturing
28007,Construction
28009,Health Care and Social Assistance
28011,Manufacturing
28013,Manufacturing
28015,Construction
28017,Manufacturing
28019,Health Care and Social Assistance
28021,Utilities
28023,Manufacturing
28025,Manufacturing
28027,Health Care and Social Assistance
28029,Manufacturing
28031,Manufacturing
28033,Retail Trade
28035,Health Care and Social Assistance
28037,Health Care and Social Assistance
28039,Retail Trade
28041,Retail Trade
28043,Manufacturing
28045,Accommodation and Food Services
28047,Accommodation and Food Services
28049,Health Care and Social Assistance
28051,Health Care and Social Assistance
28053,Manufacturing
28055,Wholesale Trade
28057,Manufacturing
28059,Manufacturing
28061,Manufacturing
28063,Health Care and Social Assistance
28065,Construction
28067,Manufacturing
28069,Utilities
28071,Accommodation and Food Services
28073,Retail Trade
28075,Health Care and Social Assistance
28077,Manufacturing
28079,Manufacturing
28081,Health Care and Social Assistance
28083,Health Care and Social Assistance
28085,Health Care and Social Assistance
28087,Manufacturing
28089,Manufacturing
28091,Construction
28093,Transportation and Warehousing
28095,Manufacturing
28097,Health Care and Social Assistance
28099,Accommodation and Food Services
28101,Manufacturing
28103,Manufacturing
28105,Accommodation and Food Services
28107,Manufacturing
28109,Retail Trade
28111,Manufacturing
28113,Manufacturing
28115,Manufacturing
28117,Manufacturing
28119,Health Care and Social Assistance
28121,Health Care and Social Assistance
28123,Manufacturing
28125,Health Care and Social Assistance
28127,Health Care and Social Assistance
28129,Manufacturing
28131,Retail Trade
28133,Health Care and Social Assistance
28135,Health Care and Social Assistance
28137,Retail Trade
28139,Manufacturing
28141,Manufacturing
28143,Accommodation and Food Services
28145,Manufacturing
28147,Health Care and Social Assistance
28149,Accommodation and Food Services
28151,Health Care and Social Assistance
28153,Manufacturing
28155,Health Care and Social Assistance
28157,Health Care and Social Assistance
28159,Manufacturing
28161,Manufacturing
28163,Health Care and Social Assistance
29001,Health Care and Social Assistance
29003,Retail Trade
29005,Health Care and Social Assistance
29007,Manufacturing
29009,Manufacturing
29011,Health Care and Social Assistance
29013,Health Care and Social Assistance
29015,Retail Trade
29017,Health Care and Social Assistance
29019,Health Care and Social Assistance
29021,Manufacturing
29023,Health Care and Social Assistance
29025,Retail Trade
29027,Health Care and Social Assistance
29029,Retail Trade
29031,Health Care and Social Assistance
29033,Health Care and Social Assistance
29035,Health Care and Social Assistance
29037,Retail Trade
29039,Health Care and Social Assistance
29041,Health Care and Social Assistance
29043,Retail Trade
29045,Retail Trade
29047,"Professional, Scientific, and Technical Services"
29049,Health Care and Social Assistance
29051,Health Care and Social Assistance
29053,Retail Trade
29055,Manufacturing
29057,Manufacturing
29059,Retail Trade
29061,Retail Trade
29063,Retail Trade
29065,Health Care and Social Assistance
29067,Manufacturing
29069,Health Care and Social Assistance
29071,Manufacturing
29073,Manufacturing
29075,Health Care and Social Assistance
29077,Health Care and Social Assistance
29079,Health Care and Social Assistance
29081,Retail Trade
29083,Health Care and Social Assistance
29085,Retail Trade
29087,Manufacturing
29089,Health Care and Social Assistance
29091,Health Care and Social Assistance
29093,Health Care and Social Assistance
29095,Health Care and Social Assistance
29097,Manufacturing
29099,Retail Trade
29101,Health Care and Social Assistance
29103,Retail Trade
29105,Manufacturing
29107,Health Care and Social Assistance
29109,Retail Trade
29111,Health Care and Social Assistance
29113,Manufacturing
29115,Manufacturing
29117,Retail Trade
29119,Manufacturing
29121,Retail Trade
29123,Health Care and Social Assistance
29125,Manufacturing
29127,Health Care and Social Assistance
29129,Retail Trade
29131,Retail Trade
29133,Health Care and Social Assistance
29135,Manufacturing
29137,Manufacturing
29139,Manufacturing
29141,Retail Trade
29143,Health Care and Social Assistance
29145,Health Care and Social Assistance
29147,Manufacturing
29149,Health Care and Social Assistance
29151,Manufacturing
29153,Retail Trade
29155,Health Care and Social Assistance
29157,Manufacturing
29159,Manufacturing
29161,Health Care and Social Assistance
29163,Health Care and Social Assistance
29165,Retail Trade
29167,Health Care and Social Assistance
29169,Accommodation and Food Services
29171,Retail Trade
29173,Manufacturing
29175,Retail Trade
29177,Retail Trade
29179,"Mining, Quarrying, and Oil and Gas Extraction"
29181,Health Care and Social Assistance
29183,Retail Trade
29185,Health Care and Social Assistance
29186,Manufacturing
29187,Health Care and Social Assistance
29189,Health Care and Social Assistance
29195,Manufacturing
29197,Retail Trade
29199,Health Care and Social Assistance
29201,Manufacturing
29203,Manufacturing
29205,Manufacturing
29207,Manufacturing
29209,"Arts, Entertainment, and Recreation"
29211,Manufacturing
29213,Accommodation and Food Services
29215,Manufacturing
29217,Health Care and Social Assistance
29219,Manufacturing
29221,Retail Trade
29223,Manufacturing
29225,Manufacturing
29227,Retail Trade
29229,Retail Trade
29510,Health Care and Social Assistance
30001,Health Care and Social Assistance
30003,Health Care and Social Assistance
30005,Health Care and Social Assistance
30007,Manufacturing
30009,Accommodation and Food Services
30011,Retail Trade
30013,Health Care and Social Assistance
30015,Health Care and Social Assistance
30017,Retail Trade
30019,Information
30021,Health Care and Social Assistance
30023,Health Care and Social Assistance
30025,"Mining, Quarrying, and Oil and Gas Extraction"
30027,Health Care and Social Assistance
30029,Health Care and Social Assistance
30031,Accommodation and Food Services
30033,Retail Trade
30035,Health Care and Social Assistance
30037,Accommodation and Food Services
30039,Accommodation and Food Services
30041,Health Care and Social Assistance
30043,Health Care and Social Assistance
30045,Retail Trade
30047,Health Care and Social Assistance
30049,Health Care and Social Assistance
30051,Health Care and Social Assistance
30053,Health Care and Social Assistance
30055,Health Care and Social Assistance
30057,Construction
30059,Accommodation and Food Services
30061,Retail Trade
30063,Health Care and Social Assistance
30065,"Mining, Quarrying, and Oil and Gas Extraction"
30067,Accommodation and Food Services
30069,Administrative and Support and Waste Management and Remediation Services
30071,Health Care and Social Assistance
30073,Health Care and Social Assistance
30075,Retail Trade
30077,Health Care and Social Assistance
30079,Retail Trade
30081,Health Care and Social Assistance
30083,Health Care and Social Assistance
30085,Health Care and Social Assistance
30087,Educational Services
30089,Health Care and Social Assistance
30091,Health Care and Social Assistance
30093,Health Care and Social Assistance
30095,"Mining, Quarrying, and Oil and Gas Extraction"
30097,Accommodation and Food Services
30099,Health Care and Social Assistance
30101,Health Care and Social Assistance
30103,Retail Trade
30105,Health Care and Social Assistance
30107,Health Care and Social Assistance
30109,Accommodation and Food Services
30111,Health Care and Social Assistance
31001,Manufacturing
31003,Health Care and Social Assistance
31005,Administrative and Support and Waste Management and Remediation Services
31007,Administrative and Support and Waste Management and Remediation Services
31009,Construction
31011,Health Care and Social Assistance
31013,Health Care and Social Assistance
31015,Health Care and Social Assistance
31017,Retail Trade
31019,Health Care and Social Assistance
31021,Wholesale Trade
31023,Manufacturing
31025,Retail Trade
31027,Retail Trade
31029,Wholesale Trade
31031,Retail Trade
31033,Retail Trade
31035,Retail Trade
31037,Retail Trade
31039,Manufacturing
31041,Manufacturing
31043,Manufacturing
31045,Retail Trade
31047,Manufacturing
31049,Retail Trade
31051,Construction
31053,Manufacturing
31055,Health Care and Social Assistance
31057,Health Care and Social Assistance
31059,Health Care and Social Assistance
31061,Health Care and Social Assistance
31063,Retail Trade
31065,Health Care and Social Assistance
31067,Health Care and Social Assistance
31069,Retail Trade
31071,Manufacturing
31073,Finance and Insurance
31075,Retail Trade
31077,Retail Trade
31079,Manufacturing
31081,Manufacturing
31083,Health Care and Social Assistance
31085,Retail Trade
31087,"Mining, Quarrying, and Oil and Gas Extraction"
31089,Health Care and Social Assistance
31091,Retail Trade
31093,Health Care and Social Assistance
31095,Manufacturing
31097,Health Care and Social Assistance
31099,Health Care and Social Assistance
31101,Retail Trade
31103,Retail Trade
31105,Manufacturing
31107,Health Care and Social Assistance
31109,Health Care and Social Assistance
31111,Health Care and Social Assistance
31113,Wholesale Trade
31115,Retail Trade
31117,Retail Trade
31119,Health Care and Social Assistance
31121,Health Care and Social Assistance
31123,Retail Trade
31125,Health Care and Social Assistance
31127,Health Care and Social Assistance
31129,Health Care and Social Assistance
31131,Manufacturing
31133,Manufacturing
31135,Health Care and Social Assistance
31137,Manufacturing
31139,Health Care and Social Assistance
31141,Manufacturing
31143,Health Care and Social Assistance
31145,Retail Trade
31147,Health Care and Social Assistance
31149,Health Care and Social Assistance
31151,Manufacturing
31153,Retail Trade
31155,Health Care and Social Assistance
31157,Health Care and Social Assistance
31159,Manufacturing
31161,Health Care and Social Assistance
31163,Health Care and Social Assistance
31165,Retail Trade
31167,Retail Trade
31169,Manufacturing
31171,Construction
31173,"Professional, Scientific, and Technical Services"
31175,Health Care and Social Assistance
31177,Retail Trade
31179,Manufacturing
31181,Health Care and Social Assistance
31183,Wholesale Trade
31185,Health Care and Social Assistance
32001,Retail Trade
32003,Accommodation and Food Services
32005,Accommodation and Food Services
32007,Accommodation and Food Services
32009,Administrative and Support and Waste Management and Remediation Services
32011,"Mining, Quarrying, and Oil and Gas Extraction"
32013,"Mining, Quarrying, and Oil and Gas Extraction"
32015,Health Care and Social Assistance
32017,Retail Trade
32019,Manufacturing
32021,Accommodation and Food Services
32023,Accommodation and Food Services
32027,"Mining, Quarrying, and Oil and Gas Extraction"
32029,Accommodation and Food Services
32031,Accommodation and Food Services
32033,"Mining, Quarrying, and Oil and Gas Extraction"
32510,Health Care and Social Assistance
33001,Retail Trade
33003,Accommodation and Food Services
33005,Retail Trade
33007,Health Care and Social Assistance
33009,Health Care and Social Assistance
33011,Health Care and Social Assistance
33013,Health Care and Social Assistance
33015,Retail Trade
33017,Health Care and Social Assistance
33019,Manufacturing
34001,Accommodation and Food Services
34003,Health Care and Social Assistance
34005,Health Care and Social Assistance
34007,Health Care and Social Assistance
34009,Retail Trade
34011,Health Care and Social Assistance
34013,Health Care and Social Assistance
34015,Retail Trade
34017,Finance and Insurance
34019,Health Care and Social Assistance
34021,Health Care and Social Assistance
34023,"Professional, Scientific, and Technical Services"
34025,Health Care and Social Assistance
34027,"Professional, Scientific, and Technical Services"
34029,Health Care and Social Assistance
34031,Health Care and Social Assistance
34033,Health Care and Social Assistance
34035,"Professional, Scientific, and Technical Services"
34037,Health Care and Social Assistance
34039,Health Care and Social Assistance
34041,Retail Trade
35001,Health Care and Social Assistance
35003,Health Care and Social Assistance
35005,Health Care and Social Assistance
35006,Health Care and Social Assistance
35007,Accommodation and Food Services
35009,Health Care and Social Assistance
35011,Health Care and Social Assistance
35013,Health Care and Social Assistance
35015,"Mining, Quarrying, and Oil and Gas Extraction"
35017,Health Care and Social Assistance
35019,Accommodation and Food Services
35021,Construction
35023,Retail Trade
35025,"Mining, Quarrying, and Oil and Gas Extraction"
35027,Accommodation and Food Services
35028,"Professional, Scientific, and Technical Services"
35029,Health Care and Social Assistance
35031,Health Care and Social Assistance
35033,Health Care and Social Assistance
35035,Health Care and Social Assistance
35037,Accommodation and Food Services
35039,Accommodation and Food Services
35041,Health Care and Social Assistance
35043,Accommodation and Food Services
35045,Health Care and Social Assistance
35047,Health Care and Social Assistance
35049,Accommodation and Food Services
35051,Health Care and Social Assistance
35053,Health Care and Social Assistance
35055,Accommodation and Food Services
35057,Retail Trade
35059,Health Care and Social Assistance
35061,Retail Trade
36001,Health Care and Social Assistance
36003,Educational Services
36005,Health Care and Social Assistance
36007,Health Care and Social Assistance
36009,Accommodation and Food Services
36011,Health Care and Social Assistance
36013,Manufacturing
36015,Health Care and Social Assistance
36017,Manufacturing
36019,Health Care and Social Assistance
36021,Health Care and Social Assistance
36023,Health Care and Social Assistance
36025,Manufacturing
36027,Health Care and Social Assistance
36029,Health Care and Social Assistance
36031,Health Care and Social Assistance
36033,Health Care and Social Assistance
36035,Health Care and Social Assistance
36037,Manufacturing
36039,Retail Trade
36041,Accommodation and Food Services
36043,Manufacturing
36045,Health Care and Social Assistance
36047,Health Care and Social Assistance
36049,Manufacturing
36051,Retail Trade
36053,Health Care and Social Assistance
36055,Health Care and Social Assistance
36057,Health Care and Social Assistance
36059,Health Care and Social Assistance
36061,"Professional, Scientific, and Technical Services"
36063,Health Care and Social Assistance
36065,Health Care and Social Assistance
36067,Health Care and Social Assistance
36069,Retail Trade
36071,Health Care and Social Assistance
36073,Manufacturing
36075,Health Care and Social Assistance
36077,Health Care and Social Assistance
36079,Health Care and Social Assistance
36081,Health Care and Social Assistance
36083,Health Care and Social Assistance
36085,Health Care and Social Assistance
36087,Health Care and Social Assistance
36089,Health Care and Social Assistance
36091,Health Care and Social Assistance
36093,Health Care and Social Assistance
36095,Retail Trade
36097,Health Care and Social Assistance
36099,Retail Trade
36101,Health Care and Social Assistance
36103,Health Care and Social Assistance
36105,Health Care and Social Assistance
36107,"Professional, Scientific, and Technical Services"
36109,Educational Services
36111,Health Care and Social Assistance
36113,Health Care and Social Assistance
36115,Manufacturing
36117,Manufacturing
36119,Health Care and Social Assistance
36121,Manufacturing
36123,Manufacturing
37001,Health Care and Social Assistance
37003,Manufacturing
37005,Manufacturing
37007,Manufacturing
37009,Manufacturing
37011,Retail Trade
37013,Manufacturing
37015,Manufacturing
37017,Manufacturing
37019,Retail Trade
37021,Health Care and Social Assistance
37023,Manufacturing
37025,Retail Trade
37027,Manufacturing
37029,Accommodation and Food Services
37031,Retail Trade
37033,Health Care and Social Assistance
37035,Manufacturing
37037,Manufacturing
37039,Accommodation and Food Services
37041,Manufacturing
37043,Retail Trade
37045,Manufacturing
37047,Health Care and Social Assistance
37049,Health Care and Social Assistance
37051,Health Care and Social Assistance
37053,Retail Trade
37055,Accommodation and Food Services
37057,Manufacturing
37059,Manufacturing
37061,Manufacturing
37063,"Professional, Scientific, and Technical Services"
37065,Health Care and Social Assistance
37067,Health Care and Social Assistance
37069,Manufacturing
37071,Manufacturing
37073,Health Care and Social Assistance
37075,Construction
37077,Manufacturing
37079,Health Care and Social Assistance
37081,Health Care and Social Assistance
37083,Health Care and Social Assistance
37085,Retail Trade
37087,Retail Trade
37089,Health Care and Social Assistance
37091,Health Care and Social Assistance
37093,Manufacturing
37095,Retail Trade
37097,Manufacturing
37099,Accommodation and Food Services
37101,Retail Trade
37103,Wholesale Trade
37105,Manufacturing
37107,Manufacturing
37109,Manufacturing
37111,Manufacturing
37113,Retail Trade
37115,Health Care and Social Assistance
37117,Health Care and Social Assistance
37119,Finance and Insurance
37121,Health Care and Social Assistance
37123,Manufacturing
37125,Health Care and Social Assistance
37127,Manufacturing
37129,Health Care and Social Assistance
37131,Transportation and Warehousing
37133,Accommodation and Food Services
37135,Health Care and Social Assistance
37137,Retail Trade
37139,Retail Trade
37141,Retail Trade
37143,Retail Trade
37145,Manufacturing
37147,Health Care and Social Assistance
37149,Health Care and Social Assistance
37151,Manufacturing
37153,Manufacturing
37155,Manufacturing
37157,Manufacturing
37159,Health Care and Social Assistance
37161,Manufacturing
37163,Manufacturing
37165,Health Care and Social Assistance
37167,Manufacturing
37169,Retail Trade
37171,Construction
37173,Health Care and Social Assistance
37175,Retail Trade
37177,Retail Trade
37179,Manufacturing
37181,Health Care and Social Assistance
37183,Health Care and Social Assistance
37185,Health Care and Social Assistance
37187,Manufacturing
37189,Health Care and Social Assistance
37191,Health Care and Social Assistance
37193,Manufacturing
37195,Manufacturing
37197,Manufacturing
37199,Manufacturing
38001,Health Care and Social Assistance
38003,Health Care and Social Assistance
38005,Accommodation and Food Services
38007,Accommodation and Food Services
38009,Retail Trade
38011,Health Care and Social Assistance
38013,Retail Trade
38015,Health Care and Social Assistance
38017,Health Care and Social Assistance
38019,Health Care and Social Assistance
38021,Health Care and Social Assistance
38023,Health Care and Social Assistance
38025,"Mining, Quarrying, and Oil and Gas Extraction"
38027,Health Care and Social Assistance
38029,Health Care and Social Assistance
38031,Manufacturing
38033,Health Care and Social Assistance
38035,Health Care and Social Assistance
38037,Health Care and Social Assistance
38039,Health Care and Social Assistance
38041,Retail Trade
38043,Retail Trade
38045,Wholesale Trade
38047,Wholesale Trade
38049,Manufacturing
38051,Health Care and Social Assistance
38053,"Mining, Quarrying, and Oil and Gas Extraction"
38055,Health Care and Social Assistance
38057,"Mining, Quarrying, and Oil and Gas Extraction"
38059,Health Care and Social Assistance
38061,Transportation and Warehousing
38063,Health Care and Social Assistance
38065,Utilities
38067,Manufacturing
38069,Health Care and Social Assistance
38071,Retail Trade
38073,Health Care and Social Assistance
38075,Retail Trade
38077,Manufacturing
38079,Health Care and Social Assistance
38081,Manufacturing
38083,Health Care and Social Assistance
38085,Accommodation and Food Services
38087,"Mining, Quarrying, and Oil and Gas Extraction"
38089,Health Care and Social Assistance
38091,Construction
38093,Health Care and Social Assistance
38095,Health Care and Social Assistance
38097,Health Care and Social Assistance
38099,Health Care and Social Assistance
38101,Health Care and Social Assistance
38103,Health Care and Social Assistance
38105,"Mining, Quarrying, and Oil and Gas Extraction"
39001,Health Care and Social Assistance
39003,Health Care and Social Assistance
39005,Manufacturing
39007,Manufacturing
39009,Health Care and Social Assistance
39011,Manufacturing
39013,Retail Trade
39015,Health Care and Social Assistance
39017,Manufacturing
39019,Manufacturing
39021,Manufacturing
39023,Health Care and Social Assistance
39025,Retail Trade
39027,Transportation and Warehousing
39029,Manufacturing
39031,Manufacturing
39033,Health Care and Social Assistance
39035,Health Care and Social Assistance
39037,Manufacturing
39039,Manufacturing
39041,Finance and Insurance
39043,Accommodation and Food Services
39045,Health Care and Social Assistance
39047,Retail Trade
39049,Health Care and Social Assistance
39051,Manufacturing
39053,Health Care and Social Assistance
39055,Manufacturing
39057,"Professional, Scientific, and Technical Services"
39059,Health Care and Social Assistance
39061,Health Care and Social Assistance
39063,Manufacturing
39065,Manufacturing
39067,Health Care and Social Assistance
39069,Manufacturing
39071,Health Care and Social Assistance
39073,Accommodation and Food Services
39075,Manufacturing
39077,Manufacturing
39079,Manufacturing
39081,Health Care and Social Assistance
39083,Manufacturing
39085,Manufacturing
39087,Health Care and Social Assistance
39089,Manufacturing
39091,Manufacturing
39093,Health Care and Social Assistance
39095,Health Care and Social Assistance
39097,Manufacturing
39099,Health Care and Social Assistance
39101,Manufacturing
39103,Manufacturing
39105,Health Care and Social Assistance
39107,Manufacturing
39109,Manufacturing
39111,Retail Trade
39113,Health Care and Social Assistance
39115,Manufacturing
39117,Manufacturing
39119,Health Care and Social Assistance
39121,Health Care and Social Assistance
39123,Manufacturing
39125,Manufacturing
39127,Manufacturing
39129,Manufacturing
39131,"Professional, Scientific, and Technical Services"
39133,Manufacturing
39135,Manufacturing
39137,Manufacturing
39139,Manufacturing
39141,Health Care and Social Assistance
39143,Manufacturing
39145,Health Care and Social Assistance
39147,Manufacturing
39149,Manufacturing
39151,Health Care and Social Assistance
39153,Health Care and Social Assistance
39155,Retail Trade
39157,Manufacturing
39159,Manufacturing
39161,Manufacturing
39163,Manufacturing
39165,Manufacturing
39167,Health Care and Social Assistance
39169,Manufacturing
39171,Manufacturing
39173,Manufacturing
39175,Manufacturing
40001,Manufacturing
40003,Retail Trade
40005,Retail Trade
40007,Construction
40009,"Mining, Quarrying, and Oil and Gas Extraction"
40011,Manufacturing
40013,Health Care and Social Assistance
40015,Health Care and Social Assistance
40017,Accommodation and Food Services
40019,Health Care and Social Assistance
40021,Health Care and Social Assistance
40023,Health Care and Social Assistance
40025,Retail Trade
40027,Retail Trade
40029,Health Care and Social Assistance
40031,Health Care and Social Assistance
40033,Accommodation and Food Services
40035,Health Care and Social Assistance
40037,Manufacturing
40039,Retail Trade
40041,Accommodation and Food Services
40043,"Mining, Quarrying, and Oil and Gas Extraction"
40045,Health Care and Social Assistance
40047,Health Care and Social Assistance
40049,Retail Trade
40051,Manufacturing
40053,Retail Trade
40055,Retail Trade
40057,Health Care and Social Assistance
40059,Retail Trade
40061,Health Care and Social Assistance
40063,Health Care and Social Assistance
40065,Health Care and Social Assistance
40067,Health Care and Social Assistance
40069,Health Care and Social Assistance
40071,Manufacturing
40073,"Mining, Quarrying, and Oil and Gas Extraction"
40075,Health Care and Social Assistance
40077,Health Care and Social Assistance
40079,Health Care and Social Assistance
40081,Retail Trade
40083,Retail Trade
40085,"Arts, Entertainment, and Recreation"
40087,Retail Trade
40089,Manufacturing
40091,Retail Trade
40093,"Mining, Quarrying, and Oil and Gas Extraction"
40095,Manufacturing
40097,Manufacturing
40099,Retail Trade
40101,Health Care and Social Assistance
40103,Manufacturing
40105,Health Care and Social Assistance
40107,Health Care and Social Assistance
40109,Health Care and Social Assistance
40111,Health Care and Social Assistance
40113,Retail Trade
40115,Accommodation and Food Services
40117,"Professional, Scientific, and Technical Services"
40119,Accommodation and Food Services
40121,Health Care and Social Assistance
40123,Health Care and Social Assistance
40125,Health Care and Social Assistance
40127,Health Care and Social Assistance
40129,Health Care and Social Assistance
40131,Manufacturing
40133,Manufacturing
40135,Health Care and Social Assistance
40137,Health Care and Social Assistance
40139,Manufacturing
40141,Health Care and Social Assistance
40143,Health Care and Social Assistance
40145,Manufacturing
40147,Management of Companies and Enterprises
40149,Health Care and Social Assistance
40151,Retail Trade
40153,Retail Trade
41001,Retail Trade
41003,Health Care and Social Assistance
41005,Health Care and Social Assistance
41007,Accommodation and Food Services
41009,Retail Trade
41011,Health Care and Social Assistance
41013,Manufacturing
41015,Health Care and Social Assistance
41017,Retail Trade
41019,Health Care and Social Assistance
41021,Administrative and Support and Waste Management and Remediation Services
41023,Health Care and Social Assistance
41025,Health Care and Social Assistance
41027,Health Care and Social Assistance
41029,Health Care and Social Assistance
41031,Manufacturing
41033,Health Care and Social Assistance
41035,Health Care and Social Assistance
41037,Health Care and Social Assistance
41039,Health Care and Social Assistance
41041,Accommodation and Food Services
41043,Manufacturing
41045,Retail Trade
41047,Health Care and Social Assistance
41049,Manufacturing
41051,Health Care and Social Assistance
41053,Health Care and Social Assistance
41055,Transportation and Warehousing
41057,Manufacturing
41059,Manufacturing
41061,Retail Trade
41063,Health Care and Social Assistance
41065,Health Care and Social Assistance
41067,Manufacturing
41069,Retail Trade
41071,Manufacturing
42001,Manufacturing
42003,Health Care and Social Assistance
42005,Health Care and Social Assistance
42007,Health Care and Social Assistance
42009,Retail Trade
42011,Health Care and Social Assistance
42013,Health Care and Social Assistance
42015,Health Care and Social Assistance
42017,Health Care and Social Assistance
42019,Health Care and Social Assistance
42021,Health Care and Social Assistance
42023,Manufacturing
42025,Health Care and Social Assistance
42027,Health Care and Social Assistance
42029,Health Care and Social Assistance
42031,Health Care and Social Assistance
42033,Health Care and Social Assistance
42035,Manufacturing
42037,Manufacturing
42039,Manufacturing
42041,Retail Trade
42043,Health Care and Social Assistance
42045,Health Care and Social Assistance
42047,Manufacturing
42049,Health Care and Social Assistance
42051,Health Care and Social Assistance
42053,Health Care and Social Assistance
42055,Health Care and Social Assistance
42057,Manufacturing
42059,Retail Trade
42061,Health Care and Social Assistance
42063,Health Care and Social Assistance
42065,Manufacturing
42067,Manufacturing
42069,Health Care and Social Assistance
42071,Health Care and Social Assistance
42073,Health Care and Social Assistance
42075,Manufacturing
42077,Health Care and Social Assistance
42079,Health Care and Social Assistance
42081,Health Care and Social Assistance
42083,Manufacturing
42085,Manufacturing
42087,Manufacturing
42089,Accommodation and Food Services
42091,Health Care and Social Assistance
42093,Health Care and Social Assistance
42095,Health Care and Social Assistance
42097,Health Care and Social Assistance
42099,Retail Trade
42101,Health Care and Social Assistance
42103,Accommodation and Food Services
42105,Health Care and Social Assistance
42107,Manufacturing
42109,Manufacturing
42111,Accommodation and Food Services
42113,Health Care and Social Assistance
42115,Retail Trade
42117,Health Care and Social Assistance
42119,Health Care and Social Assistance
42121,Manufacturing
42123,Health Care and Social Assistance
42125,Health Care and Social Assistance
42127,Retail Trade
42129,Health Care and Social Assistance
42131,Management of Companies and Enterprises
42133,Manufacturing
44001,Health Care and Social Assistance
44003,Health Care and Social Assistance
44005,Accommodation and Food Services
44007,Health Care and Social Assistance
44009,Manufacturing
45001,Manufacturing
45003,Administrative and Support and Waste Management and Remediation Services
45005,Manufacturing
45007,Manufacturing
45009,Manufacturing
45011,Manufacturing
45013,Accommodation and Food Services
45015,Retail Trade
45017,Manufacturing
45019,Accommodation and Food Services
45021,Manufacturing
45023,Manufacturing
45025,Manufacturing
45027,Health Care and Social Assistance
45029,Retail Trade
45031,Manufacturing
45033,Manufacturing
45035,Manufacturing
45037,Transportation and Warehousing
45039,"Professional, Scientific, and Technical Services"
45041,Health Care and Social Assistance
45043,Health Care and Social Assistance
45045,Health Care and Social Assistance
45047,Health Care and Social Assistance
45049,Health Care and Social Assistance
45051,Accommodation and Food Services
45053,Retail Trade
45055,Manufacturing
45057,Retail Trade
45059,Manufacturing
45061,Retail Trade
45063,Retail Trade
45065,Other Services (except Public Administration)
45067,Health Care and Social Assistance
45069,Manufacturing
45071,Manufacturing
45073,Manufacturing
45075,Manufacturing
45077,Retail Trade
45079,Health Care and Social Assistance
45081,Manufacturing
45083,Manufacturing
45085,Manufacturing
45087,Manufacturing
45089,Manufacturing
45091,Retail Trade
46003,Health Care and Social Assistance
46005,Manufacturing
46007,Health Care and Social Assistance
46009,Health Care and Social Assistance
46011,Manufacturing
46013,Manufacturing
46015,Health Care and Social Assistance
46017,Health Care and Social Assistance
46019,Retail Trade
46021,Wholesale Trade
46023,Health Care and Social Assistance
46025,Retail Trade
46027,Accommodation and Food Services
46029,Manufacturing
46031,Retail Trade
46033,Accommodation and Food Services
46035,Health Care and Social Assistance
46037,Health Care and Social Assistance
46039,Manufacturing
46041,Health Care and Social Assistance
46043,Health Care and Social Assistance
46045,Retail Trade
46047,Health Care and Social Assistance
46049,Health Care and Social Assistance
46051,Health Care and Social Assistance
46053,Health Care and Social Assistance
46055,Health Care and Social Assistance
46057,Manufacturing
46059,Health Care and Social Assistance
46061,Manufacturing
46063,"Mining, Quarrying, and Oil and Gas Extraction"
46065,Health Care and Social Assistance
46067,Health Care and Social Assistance
46069,Retail Trade
46071,Retail Trade
46073,Manufacturing
46075,Retail Trade
46077,Manufacturing
46079,Manufacturing
46081,Accommodation and Food Services
46083,Health Care and Social Assistance
46085,Accommodation and Food Services
46087,Health Care and Social Assistance
46089,Retail Trade
46091,Manufacturing
46093,Health Care and Social Assistance
46095,Accommodation and Food Services
46097,Health Care and Social Assistance
46099,Health Care and Social Assistance
46101,Manufacturing
46102,Educational Services
46103,Health Care and Social Assistance
46105,Health Care and Social Assistance
46107,Health Care and Social Assistance
46109,Retail Trade
46111,Manufacturing
46115,Health Care and Social Assistance
46117,Construction
46119,Retail Trade
46121,Health Care and Social Assistance
46123,Health Care and Social Assistance
46125,Health Care and Social Assistance
46127,Manufacturing
46129,Retail Trade
46135,Manufacturing
46137,Health Care and Social Assistance
47001,Manufacturing
47003,Manufacturing
47005,Manufacturing
47007,Health Care and Social Assistance
47009,Manufacturing
47011,Manufacturing
47013,Health Care and Social Assistance
47015,Health Care and Social Assistance
47017,Health Care and Social Assistance
47019,Retail Trade
47021,Manufacturing
47023,Manufacturing
47025,Manufacturing
47027,Health Care and Social Assistance
47029,Retail Trade
47031,Manufacturing
47033,Health Care and Social Assistance
47035,Health Care and Social Assistance
47037,Health Care and Social Assistance
47039,Health Care and Social Assistance
47041,Manufacturing
47043,Manufacturing
47045,Manufacturing
47047,Manufacturing
47049,Health Care and Social Assistance
47051,Manufacturing
47053,Manufacturing
47055,Manufacturing
47057,Manufacturing
47059,Manufacturing
47061,Health Care and Social Assistance
47063,Manufacturing
47065,Health Care and Social Assistance
47067,Health Care and Social Assistance
47069,Manufacturing
47071,Manufacturing
47073,Manufacturing
47075,Manufacturing
47077,Manufacturing
47079,Manufacturing
47081,Health Care and Social Assistance
47083,Health Care and Social Assistance
47085,Manufacturing
47087,Manufacturing
47089,Manufacturing
47091,Manufacturing
47093,Health Care and Social Assistance
47095,Health Care and Social Assistance
47097,Manufacturing
47099,Manufacturing
47101,Manufacturing
47103,Manufacturing
47105,Manufacturing
47107,Manufacturing
47109,Manufacturing
47111,Manufacturing
47113,Health Care and Social Assistance
47115,Manufacturing
47117,Manufacturing
47119,Manufacturing
47121,Manufacturing
47123,Manufacturing
47125,Health Care and Social Assistance
47127,Manufacturing
47129,Health Care and Social Assistance
47131,Manufacturing
47133,Manufacturing
47135,Manufacturing
47137,Manufacturing
47139,Retail Trade
47141,Health Care and Social Assistance
47143,Manufacturing
47145,Health Care and Social Assistance
47147,Manufacturing
47149,Manufacturing
47151,Manufacturing
47153,Retail Trade
47155,Accommodation and Food Services
47157,Health Care and Social Assistance
47159,Manufacturing
47161,Manufacturing
47163,Manufacturing
47165,Manufacturing
47167,Retail Trade
47169,Health Care and Social Assistance
47171,Manufacturing
47173,Manufacturing
47175,Manufacturing
47177,Manufacturing
47179,Health Care and Social Assistance
47181,Health Care and Social Assistance
47183,Manufacturing
47185,Manufacturing
47187,Health Care and Social Assistance
47189,Retail Trade
48001,Health Care and Social Assistance
48003,"Mining, Quarrying, and Oil and Gas Extraction"
48005,Health Care and Social Assistance
48007,Accommodation and Food Services
48009,"Mining, Quarrying, and Oil and Gas Extraction"
48011,Construction
48013,"Mining, Quarrying, and Oil and Gas Extraction"
48015,Retail Trade
48017,Accommodation and Food Services
48019,Construction
48021,Retail Trade
48023,Health Care and Social Assistance
48025,Health Care and Social Assistance
48027,Health Care and Social Assistance
48029,Health Care and Social Assistance
48031,Construction
48033,Administrative and Support and Waste Management and Remediation Services
48035,Health Care and Social Assistance
48037,Health Care and Social Assistance
48039,Retail Trade
48041,Accommodation and Food Services
48043,Accommodation and Food Services
48045,Retail Trade
48047,Health Care and Social Assistance
48049,Manufacturing
48051,Retail Trade
48053,Retail Trade
48055,Health Care and Social Assistance
48057,Manufacturing
48059,Retail Trade
48061,Health Care and Social Assistance
48063,Transportation and Warehousing
48065,Retail Trade
48067,Manufacturing
48069,Transportation and Warehousing
48071,Transportation and Warehousing
48073,Manufacturing
48075,Accommodation and Food Services
48077,Retail Trade
48079,Health Care and Social Assistance
48081,Retail Trade
48083,Health Care and Social Assistance
48085,Finance and Insurance
48087,Health Care and Social Assistance
48089,Manufacturing
48091,Accommodation and Food Services
48093,Retail Trade
48095,Health Care and Social Assistance
48097,Manufacturing
48099,Retail Trade
48101,Retail Trade
48103,"Mining, Quarrying, and Oil and Gas Extraction"
48105,Accommodation and Food Services
48107,Health Care and Social Assistance
48109,Retail Trade
48111,Manufacturing
48113,Health Care and Social Assistance
48115,Retail Trade
48117,Manufacturing
48119,Health Care and Social Assistance
48121,Accommodation and Food Services
48123,Health Care and Social Assistance
48125,Retail Trade
48127,"Mining, Quarrying, and Oil and Gas Extraction"
48129,Accommodation and Food Services
48131,Health Care and Social Assistance
48133,"Mining, Quarrying, and Oil and Gas Extraction"
48135,Retail Trade
48137,Other Services (except Public Administration)
48139,Manufacturing
48141,Health Care and Social Assistance
48143,Manufacturing
48145,Retail Trade
48147,Health Care and Social Assistance
48149,Retail Trade
48151,Health Care and Social Assistance
48153,Health Care and Social Assistance
48155,Health Care and Social Assistance
48157,Retail Trade
48159,Health Care and Social Assistance
48161,Retail Trade
48163,Administrative and Support and Waste Management and Remediation Services
48165,Construction
48167,Accommodation and Food Services
48169,"Mining, Quarrying, and Oil and Gas Extraction"
48171,Accommodation and Food Services
48173,"Mining, Quarrying, and Oil and Gas Extraction"
48175,Retail Trade
48177,Manufacturing
48179,Manufacturing
48181,Health Care and Social Assistance
48183,Health Care and Social Assistance
48185,Manufacturing
48187,Manufacturing
48189,Transportation and Warehousing
48191,Retail Trade
48193,Health Care and Social Assistance
48195,Health Care and Social Assistance
48197,Manufacturing
48199,Retail Trade
48201,Health Care and Social Assistance
48203,Manufacturing
48205,Health Care and Social Assistance
48207,Retail Trade
48209,Retail Trade
48211,"Mining, Quarrying, and Oil and Gas Extraction"
48213,Retail Trade
48215,Health Care and Social Assistance
48217,Manufacturing
48219,"Mining, Quarrying, and Oil and Gas Extraction"
48221,Retail Trade
48223,Manufacturing
48225,Retail Trade
48227,Health Care and Social Assistance
48229,Accommodation and Food Services
48231,Manufacturing
48233,Manufacturing
48235,"Mining, Quarrying, and Oil and Gas Extraction"
48237,Health Care and Social Assistance
48239,Manufacturing
48241,Health Care and Social Assistance
48243,Accommodation and Food Services
48245,Health Care and Social Assistance
48247,Health Care and Social Assistance
48249,Health Care and Social Assistance
48251,Manufacturing
48253,Construction
48255,"Mining, Quarrying, and Oil and Gas Extraction"
48257,Retail Trade
48259,Retail Trade
48261,Other Services (except Public Administration)
48263,Retail Trade
48265,Health Care and Social Assistance
48267,Retail Trade
48269,Administrative and Support and Waste Management and Remediation Services
48271,Other Services (except Public Administration)
48273,Health Care and Social Assistance
48275,Health Care and Social Assistance
48277,Manufacturing
48279,Health Care and Social Assistance
48281,Construction
48283,Accommodation and Food Services
48285,Manufacturing
48287,Construction
48289,Manufacturing
48291,Retail Trade
48293,Health Care and Social Assistance
48295,Retail Trade
48297,Retail Trade
48299,Accommodation and Food Services
48301,"Mining, Quarrying, and Oil and Gas Extraction"
48303,Health Care and Social Assistance
48305,Health Care and Social Assistance
48307,Retail Trade
48309,Health Care and Social Assistance
48311,Transportation and Warehousing
48313,Retail Trade
48315,Health Care and Social Assistance
48317,Construction
48319,Accommodation and Food Services
48321,Retail Trade
48323,Health Care and Social Assistance
48325,Retail Trade
48327,Retail Trade
48329,"Mining, Quarrying, and Oil and Gas Extraction"
48331,Construction
48333,Retail Trade
48335,Health Care and Social Assistance
48337,Retail Trade
48339,Retail Trade
48341,Manufacturing
48343,Manufacturing
48345,Wholesale Trade
48347,Manufacturing
48349,Manufacturing
48351,Retail Trade
48353,Manufacturing
48355,Health Care and Social Assistance
48357,"Mining, Quarrying, and Oil and Gas Extraction"
48359,Health Care and Social Assistance
48361,Manufacturing
48363,Retail Trade
48365,Construction
48367,Retail Trade
48369,Manufacturing
48371,Retail Trade
48373,Retail Trade
48375,Health Care and Social Assistance
48377,Accommodation and Food Services
48379,Retail Trade
48381,Retail Trade
48383,"Mining, Quarrying, and Oil and Gas Extraction"
48385,Accommodation and Food Services
48387,Manufacturing
48389,"Mining, Quarrying, and Oil and Gas Extraction"
48391,"Mining, Quarrying, and Oil and Gas Extraction"
48393,"Mining, Quarrying, and Oil and Gas Extraction"
48395,Transportation and Warehousing
48397,Retail Trade
48399,Manufacturing
48401,Health Care and Social Assistance
48403,Health Care and Social Assistance
48405,Health Care and Social Assistance
48407,Retail Trade
48409,Manufacturing
48411,Retail Trade
48413,"Mining, Quarrying, and Oil and Gas Extraction"
48415,"Mining, Quarrying, and Oil and Gas Extraction"
48417,"Mining, Quarrying, and Oil and Gas Extraction"
48419,Manufacturing
48421,Retail Trade
48423,Health Care and Social Assistance
48425,Utilities
48427,Health Care and Social Assistance
48429,"Mining, Quarrying, and Oil and Gas Extraction"
48431,Utilities
48433,Health Care and Social Assistance
48435,"Mining, Quarrying, and Oil and Gas Extraction"
48437,Health Care and Social Assistance
48439,Health Care and Social Assistance
48441,Health Care and Social Assistance
48443,Retail Trade
48445,Retail Trade
48447,Retail Trade
48449,Manufacturing
48451,Health Care and Social Assistance
48453,"Professional, Scientific, and Technical Services"
48455,Health Care and Social Assistance
48457,Health Care and Social Assistance
48459,Construction
48461,"Mining, Quarrying, and Oil and Gas Extraction"
48463,Health Care and Social Assistance
48465,Health Care and Social Assistance
48467,Retail Trade
48469,Health Care and Social Assistance
48471,Retail Trade
48473,Manufacturing
48475,"Mining, Quarrying, and Oil and Gas Extraction"
48477,Manufacturing
48479,Health Care and Social Assistance
48481,Retail Trade
48483,Health Care and Social Assistance
48485,Health Care and Social Assistance
48487,Health Care and Social Assistance
48489,Health Care and Social Assistance
48491,Retail Trade
48493,Retail Trade
48495,"Mining, Quarrying, and Oil and Gas Extraction"
48497,Health Care and Social Assistance
48499,Retail Trade
48501,"Mining, Quarrying, and Oil and Gas Extraction"
48503,Manufacturing
48505,Health Care and Social Assistance
48507,Health Care and Social Assistance
49001,Retail Trade
49003,Manufacturing
49005,Manufacturing
49007,Health Care and Social Assistance
49009,Accommodation and Food Services
49011,Retail Trade
49013,Health Care and Social Assistance
49015,"Mining, Quarrying, and Oil and Gas Extraction"
49017,Accommodation and Food Services
49019,Accommodation and Food Services
49021,Health Care and Social Assistance
49023,Manufacturing
49025,Accommodation and Food Services
49027,Manufacturing
49029,Construction
49031,Retail Trade
49033,Health Care and Social Assistance
49035,Health Care and Social Assistance
49037,Health Care and Social Assistance
49039,Manufacturing
49041,Retail Trade
49043,Accommodation and Food Services
49045,Retail Trade
49047,Retail Trade
49049,Educational Services
49051,Construction
49053,Health Care and Social Assistance
49055,Accommodation and Food Services
49057,Manufacturing
50001,Educational Services
50003,Health Care and Social Assistance
50005,Health Care and Social Assistance
50007,Health Care and Social Assistance
50009,Manufacturing
50011,Health Care and Social Assistance
50013,Retail Trade
50015,Accommodation and Food Services
50017,Health Care and Social Assistance
50019,Accommodation and Food Services
50021,Health Care and Social Assistance
50023,Health Care and Social Assistance
50025,Accommodation and Food Services
50027,Health Care and Social Assistance
51001,Manufacturing
51003,Health Care and Social Assistance
51005,Health Care and Social Assistance
51007,Construction
51009,Manufacturing
51011,Retail Trade
51013,"Professional, Scientific, and Technical Services"
51015,Manufacturing
51017,Accommodation and Food Services
51019,Manufacturing
51021,Manufacturing
51023,Manufacturing
51025,Administrative and Support and Waste Management and Remediation Services
51027,"Mining, Quarrying, and Oil and Gas Extraction"
51029,Health Care and Social Assistance
51031,Manufacturing
51033,Retail Trade
51035,Manufacturing
51036,Construction
51037,Manufacturing
51041,Retail Trade
51043,Manufacturing
51045,Retail Trade
51047,Retail Trade
51049,Retail Trade
51051,Retail Trade
51053,Transportation and Warehousing
51057,Retail Trade
51059,"Professional, Scientific, and Technical Services"
51061,Retail Trade
51063,Health Care and Social Assistance
51065,Construction
51067,Manufacturing
51069,Manufacturing
51071,Manufacturing
51073,Retail Trade
51075,Management of Companies and Enterprises
51077,Manufacturing
51079,Retail Trade
51081,Manufacturing
51083,Manufacturing
51085,Retail Trade
51087,Health Care and Social Assistance
51089,Manufacturing
51091,Health Care and Social Assistance
51093,Manufacturing
51095,Health Care and Social Assistance
51097,Construction
51099,"Professional, Scientific, and Technical Services"
51101,"Agriculture, Forestry, Fishing and Hunting"
51103,Health Care and Social Assistance
51105,Retail Trade
51107,"Professional, Scientific, and Technical Services"
51109,Transportation and Warehousing
51111,Manufacturing
51113,Retail Trade
51115,Retail Trade
51117,Retail Trade
51119,Health Care and Social Assistance
51121,Manufacturing
51125,Accommodation and Food Services
51127,"Arts, Entertainment, and Recreation"
51131,Health Care and Social Assistance
51133,Retail Trade
51135,Health Care and Social Assistance
51137,Manufacturing
51139,Retail Trade
51141,Manufacturing
51143,Manufacturing
51145,Construction
51147,Health Care and Social Assistance
51149,Manufacturing
51153,Retail Trade
51155,Manufacturing
51157,Accommodation and Food Services
51159,Health Care and Social Assistance
51161,Health Care and Social Assistance
51163,Retail Trade
51165,Manufacturing
51167,Health Care and Social Assistance
51169,Manufacturing
51171,Manufacturing
51173,Manufacturing
51175,Manufacturing
51177,Retail Trade
51179,"Professional, Scientific, and Technical Services"
51181,Utilities
51183,Health Care and Social Assistance
51185,Retail Trade
51187,Retail Trade
51191,Retail Trade
51193,Manufacturing
51195,Retail Trade
51197,Manufacturing
51199,Accommodation and Food Services
51510,"Professional, Scientific, and Technical Services"
51520,Accommodation and Food Services
51530,Manufacturing
51540,Health Care and Social Assistance
51550,Retail Trade
51570,Retail Trade
51580,Manufacturing
51590,Health Care and Social Assistance
51595,Health Care and Social Assistance
51600,"Professional, Scientific, and Technical Services"
51610,Health Care and Social Assistance
51620,Health Care and Social Assistance
51630,Health Care and Social Assistance
51640,Health Care and Social Assistance
51650,Health Care and Social Assistance
51660,Retail Trade
51670,Manufacturing
51678,Educational Services
51680,Educational Services
51683,Health Care and Social Assistance
51685,Construction
51690,Health Care and Social Assistance
51700,Manufacturing
51710,Health Care and Social Assistance
51720,Health Care and Social Assistance
51730,Health Care and Social Assistance
51735,Accommodation and Food Services
51740,Health Care and Social Assistance
51750,Manufacturing
51760,Health Care and Social Assistance
51770,Health Care and Social Assistance
51775,Health Care and Social Assistance
51790,Health Care and Social Assistance
51800,Health Care and Social Assistance
51810,Accommodation and Food Services
51820,Retail Trade
51830,Accommodation and Food Services
51840,Health Care and Social Assistance
53001,Manufacturing
53003,Health Care and Social Assistance
53005,Health Care and Social Assistance
53007,Health Care and Social Assistance
53009,Health Care and Social Assistance
53011,Health Care and Social Assistance
53013,Manufacturing
53015,Manufacturing
53017,Retail Trade
53019,Manufacturing
53021,Retail Trade
53023,Health Care and Social Assistance
53025,Manufacturing
53027,Health Care and Social Assistance
53029,Health Care and Social Assistance
53031,Health Care and Social Assistance
53033,Health Care and Social Assistance
53035,Health Care and Social Assistance
53037,Accommodation and Food Services
53039,Manufacturing
53041,Health Care and Social Assistance
53043,Health Care and Social Assistance
53045,Health Care and Social Assistance
53047,Retail Trade
53049,Accommodation and Food Services
53051,Health Care and Social Assistance
53053,Health Care and Social Assistance
53055,Accommodation and Food Services
53057,Health Care and Social Assistance
53059,Accommodation and Food Services
53061,Manufacturing
53063,Health Care and Social Assistance
53065,Health Care and Social Assistance
53067,Health Care and Social Assistance
53069,"Agriculture, Forestry, Fishing and Hunting"
53071,Health Care and Social Assistance
53073,Health Care and Social Assistance
53075,Manufacturing
53077,Health Care and Social Assistance
54001,Health Care and Social Assistance
54003,Health Care and Social Assistance
54005,"Mining, Quarrying, and Oil and Gas Extraction"
54007,Health Care and Social Assistance
54009,Health Care and Social Assistance
54011,Health Care and Social Assistance
54013,Health Care and Social Assistance
54015,Health Care and Social Assistance
54017,"Mining, Quarrying, and Oil and Gas Extraction"
54019,Health Care and Social Assistance
54021,Manufacturing
54023,Health Care and Social Assistance
54025,Health Care and Social Assistance
54027,Health Care and Social Assistance
54029,Manufacturing
54031,Manufacturing
54033,Health Care and Social Assistance
54035,Manufacturing
54037,Accommodation and Food Services
54039,Health Care and Social Assistance
54041,Retail Trade
54043,Health Care and Social Assistance
54045,Health Care and Social Assistance
54047,Health Care and Social Assistance
54049,Health Care and Social Assistance
54051,"Mining, Quarrying, and Oil and Gas Extraction"
54053,Health Care and Social Assistance
54055,Health Care and Social Assistance
54057,Manufacturing
54059,"Mining, Quarrying, and Oil and Gas Extraction"
54061,Health Care and Social Assistance
54063,Manufacturing
54065,Health Care and Social Assistance
54067,Retail Trade
54069,Health Care and Social Assistance
54071,Health Care and Social Assistance
54073,Manufacturing
54075,Accommodation and Food Services
54077,Health Care and Social Assistance
54079,Health Care and Social Assistance
54081,Health Care and Social Assistance
54083,Health Care and Social Assistance
54085,Manufacturing
54087,Retail Trade
54089,Health Care and Social Assistance
54091,Health Care and Social Assistance
54093,Accommodation and Food Services
54095,Manufacturing
54097,Health Care and Social Assistance
54099,Health Care and Social Assistance
54101,Health Care and Social Assistance
54103,Manufacturing
54105,Health Care and Social Assistance
54107,Health Care and Social Assistance
54109,Health Care and Social Assistance
55001,Accommodation and Food Services
55003,Health Care and Social Assistance
55005,Manufacturing
55007,Accommodation and Food Services
55009,Manufacturing
55011,Transportation and Warehousing
55013,Manufacturing
55015,Manufacturing
55017,Manufacturing
55019,Manufacturing
55021,Manufacturing
55023,Manufacturing
55025,Health Care and Social Assistance
55027,Manufacturing
55029,Manufacturing
55031,Retail Trade
55033,Manufacturing
55035,Health Care and Social Assistance
55037,Manufacturing
55039,Manufacturing
55041,Accommodation and Food Services
55043,Manufacturing
55045,Manufacturing
55047,Retail Trade
55049,Retail Trade
55051,Health Care and Social Assistance
55053,Transportation and Warehousing
55055,Manufacturing
55057,Manufacturing
55059,Retail Trade
55061,Manufacturing
55063,Health Care and Social Assistance
55065,Manufacturing
55067,Retail Trade
55069,Manufacturing
55071,Manufacturing
55073,Manufacturing
55075,Manufacturing
55077,Manufacturing
55078,Accommodation and Food Services
55079,Health Care and Social Assistance
55081,Manufacturing
55083,Manufacturing
55085,Retail Trade
55087,Manufacturing
55089,Manufacturing
55091,Health Care and Social Assistance
55093,Manufacturing
55095,Manufacturing
55097,Manufacturing
55099,Manufacturing
55101,Manufacturing
55103,Manufacturing
55105,Manufacturing
55107,Manufacturing
55109,Manufacturing
55111,Accommodation and Food Services
55113,Accommodation and Food Services
55115,Manufacturing
55117,Manufacturing
55119,Manufacturing
55121,Manufacturing
55123,Health Care and Social Assistance
55125,Accommodation and Food Services
55127,Manufacturing
55129,Manufacturing
55131,Manufacturing
55133,Manufacturing
55135,Manufacturing
55137,Manufacturing
55139,Manufacturing
55141,Health Care and Social Assistance
56001,Health Care and Social Assistance
56003,Health Care and Social Assistance
56005,"Mining, Quarrying, and Oil and Gas Extraction"
56007,Accommodation and Food Services
56009,Construction
56011,"Mining, Quarrying, and Oil and Gas Extraction"
56013,Health Care and Social Assistance
56015,Health Care and Social Assistance
56017,Health Care and Social Assistance
56019,Retail Trade
56021,Health Care and Social Assistance
56023,Health Care and Social Assistance
56025,Health Care and Social Assistance
56027,Retail Trade
56029,Health Care and Social Assistance
56031,Retail Trade
56033,Health Care and Social Assistance
56035,"Mining, Quarrying, and Oil and Gas Extraction"
56037,"Mining, Quarrying, and Oil and Gas Extraction"
56039,Accommodation and Food Services
56041,Construction
56043,Health Care and Social Assistance
56045,Health Care and Social Assistance
